cnpj,id,classe,fundo,minimo,taxa,estudo,rendimento,data,patrimonio,momento,custo
59.281.253/0001-23,21680881000109,Fundo Multimercado,QUARTET II FUNDO DE INVESTIMENTO MULTIMERCADO CRÉDITO PRIVADO INVESTIMENTO NO EXTERIOR,0.0,61,89,27.040808,20210722,36469026.79,-9,446.1593771183173
59.281.253/0001-23,21680881000109,Fundo Multimercado,QUARTET II FUNDO DE INVESTIMENTO MULTIMERCADO CRÉDITO PRIVADO INVESTIMENTO NO EXTERIOR,0.0,61,89,27.0227537,20210723,36444677.57,18,37.94804228856091
59.281.253/0001-23,21680881000109,Fundo Multimercado,QUARTET II FUNDO DE INVESTIMENTO MULTIMERCADO CRÉDITO PRIVADO INVESTIMENTO NO EXTERIOR,0.0,61,89,26.927534,20210726,36316257.97,-19,392.2040181646247
59.281.253/0001-23,21680881000109,Fundo Multimercado,QUARTET II FUNDO DE INVESTIMENTO MULTIMERCADO CRÉDITO PRIVADO INVESTIMENTO NO EXTERIOR,0.0,61,89,26.7142976,20210727,36028673.29,7,468.67783431663634
59.281.253/0001-23,21680881000109,Fundo Multimercado,QUARTET II FUNDO DE INVESTIMENTO MULTIMERCADO CRÉDITO PRIVADO INVESTIMENTO NO EXTERIOR,0.0,61,89,26.7724543,20210728,36107107.29,24,308.00157770478626
59.281.253/0001-23,21680881000109,Fundo Multimercado,QUARTET II FUNDO DE INVESTIMENTO MULTIMERCADO CRÉDITO PRIVADO INVESTIMENTO NO EXTERIOR,0.0,61,89,26.7980971,20210729,36141690.87,-27,400.95821669055647
59.281.253/0001-23,21680881000109,Fundo Multimercado,QUARTET II FUNDO DE INVESTIMENTO MULTIMERCADO CRÉDITO PRIVADO INVESTIMENTO NO EXTERIOR,0.0,61,89,26.2805847,20210730,35443739.31,8,441.71372229454
59.281.253/0001-23,21680881000109,Fundo Multimercado,QUARTET II FUNDO DE INVESTIMENTO MULTIMERCADO CRÉDITO PRIVADO INVESTIMENTO NO EXTERIOR,0.0,61,89,26.3321426,20210802,35513273.74,-13,169.54694783395797
59.281.253/0001-23,21680881000109,Fundo Multimercado,QUARTET II FUNDO DE INVESTIMENTO MULTIMERCADO CRÉDITO PRIVADO INVESTIMENTO NO EXTERIOR,0.0,61,89,26.364223,20210803,35556539.48,13,122.73921629291907
59.281.253/0001-23,21680881000109,Fundo Multimercado,QUARTET II FUNDO DE INVESTIMENTO MULTIMERCADO CRÉDITO PRIVADO INVESTIMENTO NO EXTERIOR,0.0,61,89,26.3522301,20210804,35540364.95,28,220.02753462540642
59.281.253/0001-23,21680881000109,Fundo Multimercado,QUARTET II FUNDO DE INVESTIMENTO MULTIMERCADO CRÉDITO PRIVADO INVESTIMENTO NO EXTERIOR,0.0,61,89,26.4076999,20210805,35615175.27,16,396.62825367170035
59.281.253/0001-23,21680881000109,Fundo Multimercado,QUARTET II FUNDO DE INVESTIMENTO MULTIMERCADO CRÉDITO PRIVADO INVESTIMENTO NO EXTERIOR,0.0,61,89,26.476998,20210806,35708635.27,-14,59.759604648876476
59.281.253/0001-23,21680881000109,Fundo Multimercado,QUARTET II FUNDO DE INVESTIMENTO MULTIMERCADO CRÉDITO PRIVADO INVESTIMENTO NO EXTERIOR,0.0,61,89,26.5130927,20210809,35757315.05,10,367.50572268175983
59.281.253/0001-23,21680881000109,Fundo Multimercado,QUARTET II FUNDO DE INVESTIMENTO MULTIMERCADO CRÉDITO PRIVADO INVESTIMENTO NO EXTERIOR,0.0,61,89,26.4550775,20210810,35679071.9,-11,183.6899685597022
59.281.253/0001-23,21680881000109,Fundo Multimercado,QUARTET II FUNDO DE INVESTIMENTO MULTIMERCADO CRÉDITO PRIVADO INVESTIMENTO NO EXTERIOR,0.0,61,89,26.398524600000002,20210811,35602800.84,19,5.4062018513784675
59.281.253/0001-23,21680881000109,Fundo Multimercado,QUARTET II FUNDO DE INVESTIMENTO MULTIMERCADO CRÉDITO PRIVADO INVESTIMENTO NO EXTERIOR,0.0,61,89,26.3819386,20210812,35580431.88,3,168.61193081573654
59.281.253/0001-23,21680881000109,Fundo Multimercado,QUARTET II FUNDO DE INVESTIMENTO MULTIMERCADO CRÉDITO PRIVADO INVESTIMENTO NO EXTERIOR,0.0,61,89,26.3780978,20210813,35575251.94,1,18.22804746843709
59.281.253/0001-23,21680881000109,Fundo Multimercado,QUARTET II FUNDO DE INVESTIMENTO MULTIMERCADO CRÉDITO PRIVADO INVESTIMENTO NO EXTERIOR,0.0,61,89,26.1155443,20210816,35221154.81,-2,252.1906158389104
59.281.253/0001-23,21680881000109,Fundo Multimercado,QUARTET II FUNDO DE INVESTIMENTO MULTIMERCADO CRÉDITO PRIVADO INVESTIMENTO NO EXTERIOR,0.0,61,89,25.9423012,20210817,34987507.73,26,108.94748700898216
59.281.253/0001-23,21680881000109,Fundo Multimercado,QUARTET II FUNDO DE INVESTIMENTO MULTIMERCADO CRÉDITO PRIVADO INVESTIMENTO NO EXTERIOR,0.0,61,89,25.896703,20210818,34926010.93,-13,111.76139454574651
59.281.253/0001-23,21680881000109,Fundo Multimercado,QUARTET II FUNDO DE INVESTIMENTO MULTIMERCADO CRÉDITO PRIVADO INVESTIMENTO NO EXTERIOR,0.0,61,89,26.0853059,20210819,35180373.36,21,406.89996096712963
59.281.253/0001-23,21680881000109,Fundo Multimercado,QUARTET II FUNDO DE INVESTIMENTO MULTIMERCADO CRÉDITO PRIVADO INVESTIMENTO NO EXTERIOR,0.0,61,89,26.2189096,20210820,35360560.17,2,234.74280057372226
59.281.253/0001-23,21680881000109,Fundo Multimercado,QUARTET II FUNDO DE INVESTIMENTO MULTIMERCADO CRÉDITO PRIVADO INVESTIMENTO NO EXTERIOR,0.0,61,89,26.1306898,20210823,35241581.09,4,97.06811505652502
59.281.253/0001-23,21680881000109,Fundo Multimercado,QUARTET II FUNDO DE INVESTIMENTO MULTIMERCADO CRÉDITO PRIVADO INVESTIMENTO NO EXTERIOR,0.0,61,89,26.3239598,20210824,35502237.75,-30,321.4437904006922
59.281.253/0001-23,21680881000109,Fundo Multimercado,QUARTET II FUNDO DE INVESTIMENTO MULTIMERCADO CRÉDITO PRIVADO INVESTIMENTO NO EXTERIOR,0.0,61,89,26.3905441,20210825,35592037.75,18,191.49224477085076
59.281.253/0001-23,21680881000109,Fundo Multimercado,QUARTET II FUNDO DE INVESTIMENTO MULTIMERCADO CRÉDITO PRIVADO INVESTIMENTO NO EXTERIOR,0.0,61,89,26.2020479,20210826,35337819.38,14,200.69798688076023
59.281.253/0001-23,21680881000109,Fundo Multimercado,QUARTET II FUNDO DE INVESTIMENTO MULTIMERCADO CRÉDITO PRIVADO INVESTIMENTO NO EXTERIOR,0.0,61,89,26.3232005,20210827,35501213.82,13,258.42458867426814
59.281.253/0001-23,21680881000109,Fundo Multimercado,QUARTET II FUNDO DE INVESTIMENTO MULTIMERCADO CRÉDITO PRIVADO INVESTIMENTO NO EXTERIOR,0.0,61,89,26.3531566,20210830,35541614.55,12,430.0606293140184
59.281.253/0001-23,21680881000109,Fundo Multimercado,QUARTET II FUNDO DE INVESTIMENTO MULTIMERCADO CRÉDITO PRIVADO INVESTIMENTO NO EXTERIOR,0.0,61,89,26.2925977,20210831,35459940.82,-4,149.70171165475315
59.281.253/0001-23,21680881000109,Fundo Multimercado,QUARTET II FUNDO DE INVESTIMENTO MULTIMERCADO CRÉDITO PRIVADO INVESTIMENTO NO EXTERIOR,0.0,61,89,26.3105502,20210901,35484152.79,-17,54.108002519482945
59.281.253/0001-23,21680881000109,Fundo Multimercado,QUARTET II FUNDO DE INVESTIMENTO MULTIMERCADO CRÉDITO PRIVADO INVESTIMENTO NO EXTERIOR,0.0,61,89,26.1625313,20210902,35284524.68,13,458.2625559435889
59.281.253/0001-23,21680881000109,Fundo Multimercado,QUARTET II FUNDO DE INVESTIMENTO MULTIMERCADO CRÉDITO PRIVADO INVESTIMENTO NO EXTERIOR,0.0,61,89,26.2120761,20210903,35351343.98,-27,36.969154338628684
59.281.253/0001-23,21680881000109,Fundo Multimercado,QUARTET II FUNDO DE INVESTIMENTO MULTIMERCADO CRÉDITO PRIVADO INVESTIMENTO NO EXTERIOR,0.0,61,89,26.2865322,20210906,35451760.41,-3,167.6359831845664
59.281.253/0001-23,21680881000109,Fundo Multimercado,QUARTET II FUNDO DE INVESTIMENTO MULTIMERCADO CRÉDITO PRIVADO INVESTIMENTO NO EXTERIOR,0.0,61,89,26.0519127,20210908,35135337.01,-4,130.71487182224
59.281.253/0001-23,21680881000109,Fundo Multimercado,QUARTET II FUNDO DE INVESTIMENTO MULTIMERCADO CRÉDITO PRIVADO INVESTIMENTO NO EXTERIOR,0.0,61,89,26.1551814,20210909,35274612.1,-21,64.46476469103307
59.281.253/0001-23,21680881000109,Fundo Multimercado,QUARTET II FUNDO DE INVESTIMENTO MULTIMERCADO CRÉDITO PRIVADO INVESTIMENTO NO EXTERIOR,0.0,61,89,26.0585757,20210910,35144323.28,4,108.13251113527667
59.281.253/0001-23,21680881000109,Fundo Multimercado,QUARTET II FUNDO DE INVESTIMENTO MULTIMERCADO CRÉDITO PRIVADO INVESTIMENTO NO EXTERIOR,0.0,61,89,26.2173069,20210913,35358398.59,-29,395.1107798999414
59.281.253/0001-23,21680881000109,Fundo Multimercado,QUARTET II FUNDO DE INVESTIMENTO MULTIMERCADO CRÉDITO PRIVADO INVESTIMENTO NO EXTERIOR,0.0,61,89,26.2504995,20210914,35403164.37,-2,282.27315156746045
59.281.253/0001-23,21680881000109,Fundo Multimercado,QUARTET II FUNDO DE INVESTIMENTO MULTIMERCADO CRÉDITO PRIVADO INVESTIMENTO NO EXTERIOR,0.0,61,89,26.2339341,20210915,35380823.22,20,475.0642257323746
59.281.253/0001-23,21680881000109,Fundo Multimercado,QUARTET II FUNDO DE INVESTIMENTO MULTIMERCADO CRÉDITO PRIVADO INVESTIMENTO NO EXTERIOR,0.0,61,89,26.219253,20210916,35361023.22,-8,134.1793483849262
59.281.253/0001-23,21680881000109,Fundo Multimercado,QUARTET II FUNDO DE INVESTIMENTO MULTIMERCADO CRÉDITO PRIVADO INVESTIMENTO NO EXTERIOR,0.0,61,89,26.1288803,20210917,35239140.71,7,400.54793539374657
59.281.253/0001-23,21680881000109,Fundo Multimercado,QUARTET II FUNDO DE INVESTIMENTO MULTIMERCADO CRÉDITO PRIVADO INVESTIMENTO NO EXTERIOR,0.0,61,89,25.8761382,20210920,34898275.93,10,356.8494094539472
59.281.253/0001-23,21680881000109,Fundo Multimercado,QUARTET II FUNDO DE INVESTIMENTO MULTIMERCADO CRÉDITO PRIVADO INVESTIMENTO NO EXTERIOR,0.0,61,89,26.0397607,20210921,35118948.05,-22,109.73395279425036
59.281.253/0001-23,21680881000109,Fundo Multimercado,QUARTET II FUNDO DE INVESTIMENTO MULTIMERCADO CRÉDITO PRIVADO INVESTIMENTO NO EXTERIOR,0.0,61,89,26.1140894,20210922,35219192.61,-10,321.0778441845714
59.281.253/0001-23,21680881000109,Fundo Multimercado,QUARTET II FUNDO DE INVESTIMENTO MULTIMERCADO CRÉDITO PRIVADO INVESTIMENTO NO EXTERIOR,0.0,61,89,26.1686505,20210923,35292777.4,11,161.86339727102168
59.281.253/0001-23,21680881000109,Fundo Multimercado,QUARTET II FUNDO DE INVESTIMENTO MULTIMERCADO CRÉDITO PRIVADO INVESTIMENTO NO EXTERIOR,0.0,61,89,26.1294229,20210924,35239872.44,3,299.15342644487316
59.281.253/0001-23,21680881000109,Fundo Multimercado,QUARTET II FUNDO DE INVESTIMENTO MULTIMERCADO CRÉDITO PRIVADO INVESTIMENTO NO EXTERIOR,0.0,61,89,26.0139909,20210927,35084193.13,12,199.34273576083388
59.281.253/0001-23,21680881000109,Fundo Multimercado,QUARTET II FUNDO DE INVESTIMENTO MULTIMERCADO CRÉDITO PRIVADO INVESTIMENTO NO EXTERIOR,0.0,61,89,25.6620947,20210928,34609602.62,1,68.47248379149967
59.281.253/0001-23,21680881000109,Fundo Multimercado,QUARTET II FUNDO DE INVESTIMENTO MULTIMERCADO CRÉDITO PRIVADO INVESTIMENTO NO EXTERIOR,0.0,61,89,25.6275624,20210929,34563030.06,29,323.13517073993074
59.281.253/0001-23,21680881000109,Fundo Multimercado,QUARTET II FUNDO DE INVESTIMENTO MULTIMERCADO CRÉDITO PRIVADO INVESTIMENTO NO EXTERIOR,0.0,61,89,25.8049179,20210930,34802223.53,-3,468.7248040002204
59.281.253/0001-23,16565058000112,Fundo de Ações,BTG PACTUAL ALPHA MASTER FUNDO DE INVESTIMENTO EM COTAS DE FUNDOS DE INVESTIMENTO DE AÇÕES,0.0,66,-24,4.3124685,20210722,600263870.35,2,284.43034444768244
59.281.253/0001-23,16565058000112,Fundo de Ações,BTG PACTUAL ALPHA MASTER FUNDO DE INVESTIMENTO EM COTAS DE FUNDOS DE INVESTIMENTO DE AÇÕES,0.0,66,-24,4.2938096,20210723,597666698.54,15,111.66074189176834
59.281.253/0001-23,16565058000112,Fundo de Ações,BTG PACTUAL ALPHA MASTER FUNDO DE INVESTIMENTO EM COTAS DE FUNDOS DE INVESTIMENTO DE AÇÕES,0.0,66,-24,4.2623594,20210726,593289051.8,7,468.2357022633925
59.281.253/0001-23,16565058000112,Fundo de Ações,BTG PACTUAL ALPHA MASTER FUNDO DE INVESTIMENTO EM COTAS DE FUNDOS DE INVESTIMENTO DE AÇÕES,0.0,66,-24,4.1994603999999995,20210727,584533984.83,9,154.33421440914807
59.281.253/0001-23,16565058000112,Fundo de Ações,BTG PACTUAL ALPHA MASTER FUNDO DE INVESTIMENTO EM COTAS DE FUNDOS DE INVESTIMENTO DE AÇÕES,0.0,66,-24,4.2109079,20210728,586127387.66,16,40.50437552370079
59.281.253/0001-23,16565058000112,Fundo de Ações,BTG PACTUAL ALPHA MASTER FUNDO DE INVESTIMENTO EM COTAS DE FUNDOS DE INVESTIMENTO DE AÇÕES,0.0,66,-24,4.2122204,20210729,588810076.85,6,151.2886055741525
59.281.253/0001-23,16565058000112,Fundo de Ações,BTG PACTUAL ALPHA MASTER FUNDO DE INVESTIMENTO EM COTAS DE FUNDOS DE INVESTIMENTO DE AÇÕES,0.0,66,-24,4.099782,20210730,572502751.13,-25,377.1825715433859
59.281.253/0001-23,16565058000112,Fundo de Ações,BTG PACTUAL ALPHA MASTER FUNDO DE INVESTIMENTO EM COTAS DE FUNDOS DE INVESTIMENTO DE AÇÕES,0.0,66,-24,4.1297039,20210802,576410106.72,-7,277.396049002977
59.281.253/0001-23,16565058000112,Fundo de Ações,BTG PACTUAL ALPHA MASTER FUNDO DE INVESTIMENTO EM COTAS DE FUNDOS DE INVESTIMENTO DE AÇÕES,0.0,66,-24,4.1444844,20210803,578473119.0,15,493.27057701986473
59.281.253/0001-23,16565058000112,Fundo de Ações,BTG PACTUAL ALPHA MASTER FUNDO DE INVESTIMENTO EM COTAS DE FUNDOS DE INVESTIMENTO DE AÇÕES,0.0,66,-24,4.1246972,20210804,575279284.27,-29,379.83709667247723
59.281.253/0001-23,16565058000112,Fundo de Ações,BTG PACTUAL ALPHA MASTER FUNDO DE INVESTIMENTO EM COTAS DE FUNDOS DE INVESTIMENTO DE AÇÕES,0.0,66,-24,4.1358621,20210805,576686480.93,-25,198.32976999456892
59.281.253/0001-23,16565058000112,Fundo de Ações,BTG PACTUAL ALPHA MASTER FUNDO DE INVESTIMENTO EM COTAS DE FUNDOS DE INVESTIMENTO DE AÇÕES,0.0,66,-24,4.1562158,20210806,581524502.72,-27,421.20772754971154
59.281.253/0001-23,16565058000112,Fundo de Ações,BTG PACTUAL ALPHA MASTER FUNDO DE INVESTIMENTO EM COTAS DE FUNDOS DE INVESTIMENTO DE AÇÕES,0.0,66,-24,4.1700046,20210809,584041797.08,-11,176.69989519814538
59.281.253/0001-23,16565058000112,Fundo de Ações,BTG PACTUAL ALPHA MASTER FUNDO DE INVESTIMENTO EM COTAS DE FUNDOS DE INVESTIMENTO DE AÇÕES,0.0,66,-24,4.1500811,20210810,581251349.66,-12,438.88748453484993
59.281.253/0001-23,16565058000112,Fundo de Ações,BTG PACTUAL ALPHA MASTER FUNDO DE INVESTIMENTO EM COTAS DE FUNDOS DE INVESTIMENTO DE AÇÕES,0.0,66,-24,4.1330847,20210811,578138869.28,-20,329.06298347053746
59.281.253/0001-23,16565058000112,Fundo de Ações,BTG PACTUAL ALPHA MASTER FUNDO DE INVESTIMENTO EM COTAS DE FUNDOS DE INVESTIMENTO DE AÇÕES,0.0,66,-24,4.1111802,20210812,575074851.72,-27,456.397060380334
59.281.253/0001-23,16565058000112,Fundo de Ações,BTG PACTUAL ALPHA MASTER FUNDO DE INVESTIMENTO EM COTAS DE FUNDOS DE INVESTIMENTO DE AÇÕES,0.0,66,-24,4.1165008,20210813,578819111.19,-14,210.17616283793433
59.281.253/0001-23,16565058000112,Fundo de Ações,BTG PACTUAL ALPHA MASTER FUNDO DE INVESTIMENTO EM COTAS DE FUNDOS DE INVESTIMENTO DE AÇÕES,0.0,66,-24,4.0240948,20210816,565553938.93,14,315.3552082565606
59.281.253/0001-23,16565058000112,Fundo de Ações,BTG PACTUAL ALPHA MASTER FUNDO DE INVESTIMENTO EM COTAS DE FUNDOS DE INVESTIMENTO DE AÇÕES,0.0,66,-24,3.9608659,20210817,556667631.28,-14,72.5240284402271
59.281.253/0001-23,16565058000112,Fundo de Ações,BTG PACTUAL ALPHA MASTER FUNDO DE INVESTIMENTO EM COTAS DE FUNDOS DE INVESTIMENTO DE AÇÕES,0.0,66,-24,3.9418961,20210818,554801576.85,-22,211.19236787140295
59.281.253/0001-23,16565058000112,Fundo de Ações,BTG PACTUAL ALPHA MASTER FUNDO DE INVESTIMENTO EM COTAS DE FUNDOS DE INVESTIMENTO DE AÇÕES,0.0,66,-24,4.0144107,20210819,565007634.83,-27,358.2922483153165
59.281.253/0001-23,16565058000112,Fundo de Ações,BTG PACTUAL ALPHA MASTER FUNDO DE INVESTIMENTO EM COTAS DE FUNDOS DE INVESTIMENTO DE AÇÕES,0.0,66,-24,4.0588137,20210820,571257136.68,24,192.36062355434132
59.281.253/0001-23,16565058000112,Fundo de Ações,BTG PACTUAL ALPHA MASTER FUNDO DE INVESTIMENTO EM COTAS DE FUNDOS DE INVESTIMENTO DE AÇÕES,0.0,66,-24,4.0162238,20210823,564362817.92,29,290.4588961101182
59.281.253/0001-23,16565058000112,Fundo de Ações,BTG PACTUAL ALPHA MASTER FUNDO DE INVESTIMENTO EM COTAS DE FUNDOS DE INVESTIMENTO DE AÇÕES,0.0,66,-24,4.0913757,20210824,574923229.04,13,293.543752438251
59.281.253/0001-23,16565058000112,Fundo de Ações,BTG PACTUAL ALPHA MASTER FUNDO DE INVESTIMENTO EM COTAS DE FUNDOS DE INVESTIMENTO DE AÇÕES,0.0,66,-24,4.110318,20210825,577585006.43,-19,339.41702455195934
59.281.253/0001-23,16565058000112,Fundo de Ações,BTG PACTUAL ALPHA MASTER FUNDO DE INVESTIMENTO EM COTAS DE FUNDOS DE INVESTIMENTO DE AÇÕES,0.0,66,-24,4.0388518,20210826,567542530.28,24,219.4220177093881
59.281.253/0001-23,16565058000112,Fundo de Ações,BTG PACTUAL ALPHA MASTER FUNDO DE INVESTIMENTO EM COTAS DE FUNDOS DE INVESTIMENTO DE AÇÕES,0.0,66,-24,4.090972,20210827,574516492.87,-4,262.54755267217547
59.281.253/0001-23,16565058000112,Fundo de Ações,BTG PACTUAL ALPHA MASTER FUNDO DE INVESTIMENTO EM COTAS DE FUNDOS DE INVESTIMENTO DE AÇÕES,0.0,66,-24,4.0645026,20210830,570799260.24,-23,73.29874010106452
59.281.253/0001-23,16565058000112,Fundo de Ações,BTG PACTUAL ALPHA MASTER FUNDO DE INVESTIMENTO EM COTAS DE FUNDOS DE INVESTIMENTO DE AÇÕES,0.0,66,-24,4.0220724,20210831,564840563.36,19,325.5704821590822
59.281.253/0001-23,16565058000112,Fundo de Ações,BTG PACTUAL ALPHA MASTER FUNDO DE INVESTIMENTO EM COTAS DE FUNDOS DE INVESTIMENTO DE AÇÕES,0.0,66,-24,4.0467943,20210901,598192391.91,14,165.86082848676676
59.281.253/0001-23,16565058000112,Fundo de Ações,BTG PACTUAL ALPHA MASTER FUNDO DE INVESTIMENTO EM COTAS DE FUNDOS DE INVESTIMENTO DE AÇÕES,0.0,66,-24,3.9843272,20210902,588958582.55,-14,223.82650684240596
59.281.253/0001-23,16565058000112,Fundo de Ações,BTG PACTUAL ALPHA MASTER FUNDO DE INVESTIMENTO EM COTAS DE FUNDOS DE INVESTIMENTO DE AÇÕES,0.0,66,-24,3.9936847,20210903,590841799.33,5,459.88457185590295
59.281.253/0001-23,16565058000112,Fundo de Ações,BTG PACTUAL ALPHA MASTER FUNDO DE INVESTIMENTO EM COTAS DE FUNDOS DE INVESTIMENTO DE AÇÕES,0.0,66,-24,4.0266416,20210906,594907566.07,-7,432.1848366404714
59.281.253/0001-23,16565058000112,Fundo de Ações,BTG PACTUAL ALPHA MASTER FUNDO DE INVESTIMENTO EM COTAS DE FUNDOS DE INVESTIMENTO DE AÇÕES,0.0,66,-24,3.9179139,20210908,577143822.03,25,92.25817646863216
59.281.253/0001-23,16565058000112,Fundo de Ações,BTG PACTUAL ALPHA MASTER FUNDO DE INVESTIMENTO EM COTAS DE FUNDOS DE INVESTIMENTO DE AÇÕES,0.0,66,-24,3.9810670999999997,20210909,586446867.06,16,272.21614302650823
59.281.253/0001-23,16565058000112,Fundo de Ações,BTG PACTUAL ALPHA MASTER FUNDO DE INVESTIMENTO EM COTAS DE FUNDOS DE INVESTIMENTO DE AÇÕES,0.0,66,-24,3.9335466,20210910,579166668.42,-16,32.66417799634475
59.281.253/0001-23,16565058000112,Fundo de Ações,BTG PACTUAL ALPHA MASTER FUNDO DE INVESTIMENTO EM COTAS DE FUNDOS DE INVESTIMENTO DE AÇÕES,0.0,66,-24,4.0018441,20210913,588902632.09,-16,65.94599944994067
59.281.253/0001-23,16565058000112,Fundo de Ações,BTG PACTUAL ALPHA MASTER FUNDO DE INVESTIMENTO EM COTAS DE FUNDOS DE INVESTIMENTO DE AÇÕES,0.0,66,-24,4.0095537,20210914,590037166.29,-29,165.81517765947112
59.281.253/0001-23,16565058000112,Fundo de Ações,BTG PACTUAL ALPHA MASTER FUNDO DE INVESTIMENTO EM COTAS DE FUNDOS DE INVESTIMENTO DE AÇÕES,0.0,66,-24,3.9873225999999997,20210915,586715682.96,-10,358.44270120471253
59.281.253/0001-23,16565058000112,Fundo de Ações,BTG PACTUAL ALPHA MASTER FUNDO DE INVESTIMENTO EM COTAS DE FUNDOS DE INVESTIMENTO DE AÇÕES,0.0,66,-24,3.9685606,20210916,584054937.62,-11,379.9407952864864
59.281.253/0001-23,16565058000112,Fundo de Ações,BTG PACTUAL ALPHA MASTER FUNDO DE INVESTIMENTO EM COTAS DE FUNDOS DE INVESTIMENTO DE AÇÕES,0.0,66,-24,3.9282706,20210917,578125446.17,-25,466.5881732572888
59.281.253/0001-23,16565058000112,Fundo de Ações,BTG PACTUAL ALPHA MASTER FUNDO DE INVESTIMENTO EM COTAS DE FUNDOS DE INVESTIMENTO DE AÇÕES,0.0,66,-24,3.8413864,20210920,565038664.77,-7,476.15576556691735
59.281.253/0001-23,16565058000112,Fundo de Ações,BTG PACTUAL ALPHA MASTER FUNDO DE INVESTIMENTO EM COTAS DE FUNDOS DE INVESTIMENTO DE AÇÕES,0.0,66,-24,3.9055759,20210921,574480443.4,26,48.417697277460036
59.281.253/0001-23,16565058000112,Fundo de Ações,BTG PACTUAL ALPHA MASTER FUNDO DE INVESTIMENTO EM COTAS DE FUNDOS DE INVESTIMENTO DE AÇÕES,0.0,66,-24,3.9342519,20210922,578698461.81,21,443.18285065888347
59.281.253/0001-23,16565058000112,Fundo de Ações,BTG PACTUAL ALPHA MASTER FUNDO DE INVESTIMENTO EM COTAS DE FUNDOS DE INVESTIMENTO DE AÇÕES,0.0,66,-24,3.9549583999999998,20210923,581544236.12,15,40.368676586354844
59.281.253/0001-23,16565058000112,Fundo de Ações,BTG PACTUAL ALPHA MASTER FUNDO DE INVESTIMENTO EM COTAS DE FUNDOS DE INVESTIMENTO DE AÇÕES,0.0,66,-24,3.9291973000000002,20210924,577356278.47,12,491.80129920745804
59.281.253/0001-23,16565058000112,Fundo de Ações,BTG PACTUAL ALPHA MASTER FUNDO DE INVESTIMENTO EM COTAS DE FUNDOS DE INVESTIMENTO DE AÇÕES,0.0,66,-24,3.8886211,20210927,570494005.88,-26,298.4758707340018
59.281.253/0001-23,16565058000112,Fundo de Ações,BTG PACTUAL ALPHA MASTER FUNDO DE INVESTIMENTO EM COTAS DE FUNDOS DE INVESTIMENTO DE AÇÕES,0.0,66,-24,3.7610598,20210928,551779679.65,11,382.86273970271134
59.281.253/0001-23,16565058000112,Fundo de Ações,BTG PACTUAL ALPHA MASTER FUNDO DE INVESTIMENTO EM COTAS DE FUNDOS DE INVESTIMENTO DE AÇÕES,0.0,66,-24,3.7540682,20210929,549053944.07,9,171.50018673471413
59.281.253/0001-23,16565058000112,Fundo de Ações,BTG PACTUAL ALPHA MASTER FUNDO DE INVESTIMENTO EM COTAS DE FUNDOS DE INVESTIMENTO DE AÇÕES,0.0,66,-24,3.7546347,20210930,548436804.57,15,57.597206416453716
61.809.182/0001-30,32683896000147,Fundo Multimercado,ACE CAPITAL CSHG FUNDO DE INVESTIMENTO EM COTAS DE FUNDO DE INVESTIMENTO MULTIMERCADO,0.0,34,-16,1.1735666,20210722,553120858.59,8,453.09369615066254
61.809.182/0001-30,32683896000147,Fundo Multimercado,ACE CAPITAL CSHG FUNDO DE INVESTIMENTO EM COTAS DE FUNDO DE INVESTIMENTO MULTIMERCADO,0.0,34,-16,1.1708389,20210723,550335208.71,-5,336.5073722969463
61.809.182/0001-30,32683896000147,Fundo Multimercado,ACE CAPITAL CSHG FUNDO DE INVESTIMENTO EM COTAS DE FUNDO DE INVESTIMENTO MULTIMERCADO,0.0,34,-16,1.1692651,20210726,549595469.43,-23,25.847877900286864
61.809.182/0001-30,32683896000147,Fundo Multimercado,ACE CAPITAL CSHG FUNDO DE INVESTIMENTO EM COTAS DE FUNDO DE INVESTIMENTO MULTIMERCADO,0.0,34,-16,1.1672098,20210727,548629433.45,27,455.6420121039018
61.809.182/0001-30,32683896000147,Fundo Multimercado,ACE CAPITAL CSHG FUNDO DE INVESTIMENTO EM COTAS DE FUNDO DE INVESTIMENTO MULTIMERCADO,0.0,34,-16,1.1705445,20210728,550196851.47,12,335.50356894416024
61.809.182/0001-30,32683896000147,Fundo Multimercado,ACE CAPITAL CSHG FUNDO DE INVESTIMENTO EM COTAS DE FUNDO DE INVESTIMENTO MULTIMERCADO,0.0,34,-16,1.1746374,20210729,548719713.5,9,110.73207047104655
61.809.182/0001-30,32683896000147,Fundo Multimercado,ACE CAPITAL CSHG FUNDO DE INVESTIMENTO EM COTAS DE FUNDO DE INVESTIMENTO MULTIMERCADO,0.0,34,-16,1.167182,20210730,546791970.1,-29,182.40065433989196
61.809.182/0001-30,32683896000147,Fundo Multimercado,ACE CAPITAL CSHG FUNDO DE INVESTIMENTO EM COTAS DE FUNDO DE INVESTIMENTO MULTIMERCADO,0.0,34,-16,1.1703854,20210802,549622651.17,2,41.81653155884379
61.809.182/0001-30,32683896000147,Fundo Multimercado,ACE CAPITAL CSHG FUNDO DE INVESTIMENTO EM COTAS DE FUNDO DE INVESTIMENTO MULTIMERCADO,0.0,34,-16,1.1712398,20210803,550723869.29,14,331.59922686460123
61.809.182/0001-30,32683896000147,Fundo Multimercado,ACE CAPITAL CSHG FUNDO DE INVESTIMENTO EM COTAS DE FUNDO DE INVESTIMENTO MULTIMERCADO,0.0,34,-16,1.1706758,20210804,551961890.03,22,234.33388964768508
61.809.182/0001-30,32683896000147,Fundo Multimercado,ACE CAPITAL CSHG FUNDO DE INVESTIMENTO EM COTAS DE FUNDO DE INVESTIMENTO MULTIMERCADO,0.0,34,-16,1.1724982,20210805,545451150.88,-19,304.90322797762997
61.809.182/0001-30,32683896000147,Fundo Multimercado,ACE CAPITAL CSHG FUNDO DE INVESTIMENTO EM COTAS DE FUNDO DE INVESTIMENTO MULTIMERCADO,0.0,34,-16,1.1730968,20210806,545729611.34,14,89.32862245498858
61.809.182/0001-30,32683896000147,Fundo Multimercado,ACE CAPITAL CSHG FUNDO DE INVESTIMENTO EM COTAS DE FUNDO DE INVESTIMENTO MULTIMERCADO,0.0,34,-16,1.1748053,20210809,548562728.54,-26,106.96262559602721
61.809.182/0001-30,32683896000147,Fundo Multimercado,ACE CAPITAL CSHG FUNDO DE INVESTIMENTO EM COTAS DE FUNDO DE INVESTIMENTO MULTIMERCADO,0.0,34,-16,1.175173,20210810,549689989.46,-7,202.10938145937385
61.809.182/0001-30,32683896000147,Fundo Multimercado,ACE CAPITAL CSHG FUNDO DE INVESTIMENTO EM COTAS DE FUNDO DE INVESTIMENTO MULTIMERCADO,0.0,34,-16,1.1749967,20210811,549607526.96,-6,77.30772644143447
61.809.182/0001-30,32683896000147,Fundo Multimercado,ACE CAPITAL CSHG FUNDO DE INVESTIMENTO EM COTAS DE FUNDO DE INVESTIMENTO MULTIMERCADO,0.0,34,-16,1.1733317,20210812,549578693.43,29,175.76999704378855
61.809.182/0001-30,32683896000147,Fundo Multimercado,ACE CAPITAL CSHG FUNDO DE INVESTIMENTO EM COTAS DE FUNDO DE INVESTIMENTO MULTIMERCADO,0.0,34,-16,1.1747984,20210813,550265716.53,1,81.90317995296492
61.809.182/0001-30,32683896000147,Fundo Multimercado,ACE CAPITAL CSHG FUNDO DE INVESTIMENTO EM COTAS DE FUNDO DE INVESTIMENTO MULTIMERCADO,0.0,34,-16,1.171116,20210816,548966958.81,10,115.36391933305006
61.809.182/0001-30,32683896000147,Fundo Multimercado,ACE CAPITAL CSHG FUNDO DE INVESTIMENTO EM COTAS DE FUNDO DE INVESTIMENTO MULTIMERCADO,0.0,34,-16,1.168441,20210817,548313055.12,-16,485.8257658557928
61.809.182/0001-30,32683896000147,Fundo Multimercado,ACE CAPITAL CSHG FUNDO DE INVESTIMENTO EM COTAS DE FUNDO DE INVESTIMENTO MULTIMERCADO,0.0,34,-16,1.1683139,20210818,548253420.42,-21,232.561592910624
61.809.182/0001-30,32683896000147,Fundo Multimercado,ACE CAPITAL CSHG FUNDO DE INVESTIMENTO EM COTAS DE FUNDO DE INVESTIMENTO MULTIMERCADO,0.0,34,-16,1.1666965,20210819,547093159.44,23,330.3045029282347
61.809.182/0001-30,32683896000147,Fundo Multimercado,ACE CAPITAL CSHG FUNDO DE INVESTIMENTO EM COTAS DE FUNDO DE INVESTIMENTO MULTIMERCADO,0.0,34,-16,1.1717886,20210820,549680989.61,0,361.41428730736186
61.809.182/0001-30,32683896000147,Fundo Multimercado,ACE CAPITAL CSHG FUNDO DE INVESTIMENTO EM COTAS DE FUNDO DE INVESTIMENTO MULTIMERCADO,0.0,34,-16,1.1697463,20210823,547345122.49,1,163.60870786280535
61.809.182/0001-30,32683896000147,Fundo Multimercado,ACE CAPITAL CSHG FUNDO DE INVESTIMENTO EM COTAS DE FUNDO DE INVESTIMENTO MULTIMERCADO,0.0,34,-16,1.1798441,20210824,552070089.31,-8,255.73361451552705
61.809.182/0001-30,32683896000147,Fundo Multimercado,ACE CAPITAL CSHG FUNDO DE INVESTIMENTO EM COTAS DE FUNDO DE INVESTIMENTO MULTIMERCADO,0.0,34,-16,1.1842845,20210825,554147829.26,19,41.64151236969027
61.809.182/0001-30,32683896000147,Fundo Multimercado,ACE CAPITAL CSHG FUNDO DE INVESTIMENTO EM COTAS DE FUNDO DE INVESTIMENTO MULTIMERCADO,0.0,34,-16,1.1801966,20210826,552235024.06,5,350.45210973527526
61.809.182/0001-30,32683896000147,Fundo Multimercado,ACE CAPITAL CSHG FUNDO DE INVESTIMENTO EM COTAS DE FUNDO DE INVESTIMENTO MULTIMERCADO,0.0,34,-16,1.18525,20210827,554509598.06,4,495.98947058486965
61.809.182/0001-30,32683896000147,Fundo Multimercado,ACE CAPITAL CSHG FUNDO DE INVESTIMENTO EM COTAS DE FUNDO DE INVESTIMENTO MULTIMERCADO,0.0,34,-16,1.1837201,20210830,544321994.36,-14,374.39683451659823
61.809.182/0001-30,32683896000147,Fundo Multimercado,ACE CAPITAL CSHG FUNDO DE INVESTIMENTO EM COTAS DE FUNDO DE INVESTIMENTO MULTIMERCADO,0.0,34,-16,1.1838696,20210831,544390775.65,-22,353.99590408047516
61.809.182/0001-30,32683896000147,Fundo Multimercado,ACE CAPITAL CSHG FUNDO DE INVESTIMENTO EM COTAS DE FUNDO DE INVESTIMENTO MULTIMERCADO,0.0,34,-16,1.1859667,20210901,545355065.31,18,365.88709044244706
61.809.182/0001-30,32683896000147,Fundo Multimercado,ACE CAPITAL CSHG FUNDO DE INVESTIMENTO EM COTAS DE FUNDO DE INVESTIMENTO MULTIMERCADO,0.0,34,-16,1.1835225,20210902,544231143.26,13,25.30982183284608
61.809.182/0001-30,32683896000147,Fundo Multimercado,ACE CAPITAL CSHG FUNDO DE INVESTIMENTO EM COTAS DE FUNDO DE INVESTIMENTO MULTIMERCADO,0.0,34,-16,1.1834940999999999,20210903,544218096.81,6,247.88731424798445
61.809.182/0001-30,32683896000147,Fundo Multimercado,ACE CAPITAL CSHG FUNDO DE INVESTIMENTO EM COTAS DE FUNDO DE INVESTIMENTO MULTIMERCADO,0.0,34,-16,1.1842783,20210906,544578713.6,-19,30.61914896598261
61.809.182/0001-30,32683896000147,Fundo Multimercado,ACE CAPITAL CSHG FUNDO DE INVESTIMENTO EM COTAS DE FUNDO DE INVESTIMENTO MULTIMERCADO,0.0,34,-16,1.1762755,20210908,537278322.15,18,22.241237698358617
61.809.182/0001-30,32683896000147,Fundo Multimercado,ACE CAPITAL CSHG FUNDO DE INVESTIMENTO EM COTAS DE FUNDO DE INVESTIMENTO MULTIMERCADO,0.0,34,-16,1.1905295,20210909,543788987.05,-9,382.7369975064059
61.809.182/0001-30,32683896000147,Fundo Multimercado,ACE CAPITAL CSHG FUNDO DE INVESTIMENTO EM COTAS DE FUNDO DE INVESTIMENTO MULTIMERCADO,0.0,34,-16,1.1886786,20210910,542943585.72,28,265.94559868963654
61.809.182/0001-30,32683896000147,Fundo Multimercado,ACE CAPITAL CSHG FUNDO DE INVESTIMENTO EM COTAS DE FUNDO DE INVESTIMENTO MULTIMERCADO,0.0,34,-16,1.190892,20210913,544604592.99,-29,23.705658631617553
61.809.182/0001-30,32683896000147,Fundo Multimercado,ACE CAPITAL CSHG FUNDO DE INVESTIMENTO EM COTAS DE FUNDO DE INVESTIMENTO MULTIMERCADO,0.0,34,-16,1.1827788,20210914,541194364.28,-17,248.677990677296
61.809.182/0001-30,32683896000147,Fundo Multimercado,ACE CAPITAL CSHG FUNDO DE INVESTIMENTO EM COTAS DE FUNDO DE INVESTIMENTO MULTIMERCADO,0.0,34,-16,1.1844835,20210915,539859053.86,24,353.0258224933666
61.809.182/0001-30,32683896000147,Fundo Multimercado,ACE CAPITAL CSHG FUNDO DE INVESTIMENTO EM COTAS DE FUNDO DE INVESTIMENTO MULTIMERCADO,0.0,34,-16,1.1834225,20210916,541101550.93,-7,135.51576406380244
61.809.182/0001-30,32683896000147,Fundo Multimercado,ACE CAPITAL CSHG FUNDO DE INVESTIMENTO EM COTAS DE FUNDO DE INVESTIMENTO MULTIMERCADO,0.0,34,-16,1.1831705,20210917,546600809.43,19,89.51632443759317
61.809.182/0001-30,32683896000147,Fundo Multimercado,ACE CAPITAL CSHG FUNDO DE INVESTIMENTO EM COTAS DE FUNDO DE INVESTIMENTO MULTIMERCADO,0.0,34,-16,1.1760116,20210920,553293553.26,23,214.32193514604086
61.809.182/0001-30,32683896000147,Fundo Multimercado,ACE CAPITAL CSHG FUNDO DE INVESTIMENTO EM COTAS DE FUNDO DE INVESTIMENTO MULTIMERCADO,0.0,34,-16,1.1776705,20210921,554074040.37,24,240.71175270421736
61.809.182/0001-30,32683896000147,Fundo Multimercado,ACE CAPITAL CSHG FUNDO DE INVESTIMENTO EM COTAS DE FUNDO DE INVESTIMENTO MULTIMERCADO,0.0,34,-16,1.1796166,20210922,562232887.16,28,41.7144232777063
61.809.182/0001-30,32683896000147,Fundo Multimercado,ACE CAPITAL CSHG FUNDO DE INVESTIMENTO EM COTAS DE FUNDO DE INVESTIMENTO MULTIMERCADO,0.0,34,-16,1.1828492,20210923,563773575.77,-11,492.5724485103134
61.809.182/0001-30,32683896000147,Fundo Multimercado,ACE CAPITAL CSHG FUNDO DE INVESTIMENTO EM COTAS DE FUNDO DE INVESTIMENTO MULTIMERCADO,0.0,34,-16,1.1822102,20210924,563469026.59,-8,122.00928499148378
61.809.182/0001-30,32683896000147,Fundo Multimercado,ACE CAPITAL CSHG FUNDO DE INVESTIMENTO EM COTAS DE FUNDO DE INVESTIMENTO MULTIMERCADO,0.0,34,-16,1.1814598,20210927,548379361.77,14,197.3305811845973
61.809.182/0001-30,32683896000147,Fundo Multimercado,ACE CAPITAL CSHG FUNDO DE INVESTIMENTO EM COTAS DE FUNDO DE INVESTIMENTO MULTIMERCADO,0.0,34,-16,1.1752462,20210928,545686728.59,14,162.9515058425352
61.809.182/0001-30,32683896000147,Fundo Multimercado,ACE CAPITAL CSHG FUNDO DE INVESTIMENTO EM COTAS DE FUNDO DE INVESTIMENTO MULTIMERCADO,0.0,34,-16,1.173064,20210929,544673511.79,-1,27.767614744175827
61.809.182/0001-30,32683896000147,Fundo Multimercado,ACE CAPITAL CSHG FUNDO DE INVESTIMENTO EM COTAS DE FUNDO DE INVESTIMENTO MULTIMERCADO,0.0,34,-16,1.173251,20210930,545960294.55,-12,173.45247466133935
60.701.190/0001-04,25341095000138,Fundo Multimercado,ITAÚ ESTRATÉGIA USD X EURO FUNDO DE INVESTIMENTO MULTIMERCADO,0.0,95,-18,12.075404,20210722,11012535.58,28,133.99176625610028
60.701.190/0001-04,25341095000138,Fundo Multimercado,ITAÚ ESTRATÉGIA USD X EURO FUNDO DE INVESTIMENTO MULTIMERCADO,0.0,95,-18,12.077787,20210723,11014708.96,24,180.76288625560738
60.701.190/0001-04,25341095000138,Fundo Multimercado,ITAÚ ESTRATÉGIA USD X EURO FUNDO DE INVESTIMENTO MULTIMERCADO,0.0,95,-18,12.050704,20210726,10990009.34,-16,8.68136547816334
60.701.190/0001-04,25341095000138,Fundo Multimercado,ITAÚ ESTRATÉGIA USD X EURO FUNDO DE INVESTIMENTO MULTIMERCADO,0.0,95,-18,12.031956,20210727,10917539.8,7,167.1304434569435
60.701.190/0001-04,25341095000138,Fundo Multimercado,ITAÚ ESTRATÉGIA USD X EURO FUNDO DE INVESTIMENTO MULTIMERCADO,0.0,95,-18,12.015879,20210728,10902951.24,-8,333.26912340636636
60.701.190/0001-04,25341095000138,Fundo Multimercado,ITAÚ ESTRATÉGIA USD X EURO FUNDO DE INVESTIMENTO MULTIMERCADO,0.0,95,-18,11.966271,20210729,10894310.06,6,393.3511616109143
60.701.190/0001-04,25341095000138,Fundo Multimercado,ITAÚ ESTRATÉGIA USD X EURO FUNDO DE INVESTIMENTO MULTIMERCADO,0.0,95,-18,12.003821,20210730,10928495.97,0,491.7589120315287
60.701.190/0001-04,25341095000138,Fundo Multimercado,ITAÚ ESTRATÉGIA USD X EURO FUNDO DE INVESTIMENTO MULTIMERCADO,0.0,95,-18,11.991161,20210802,10916970.75,3,213.63490610029763
60.701.190/0001-04,25341095000138,Fundo Multimercado,ITAÚ ESTRATÉGIA USD X EURO FUNDO DE INVESTIMENTO MULTIMERCADO,0.0,95,-18,12.000104,20210803,10925112.21,9,106.31182155832607
60.701.190/0001-04,25341095000138,Fundo Multimercado,ITAÚ ESTRATÉGIA USD X EURO FUNDO DE INVESTIMENTO MULTIMERCADO,0.0,95,-18,12.02965,20210804,10946455.53,-10,139.0543410422853
60.701.190/0001-04,25341095000138,Fundo Multimercado,ITAÚ ESTRATÉGIA USD X EURO FUNDO DE INVESTIMENTO MULTIMERCADO,0.0,95,-18,12.032644,20210805,10943624.4,7,416.80273816623946
60.701.190/0001-04,25341095000138,Fundo Multimercado,ITAÚ ESTRATÉGIA USD X EURO FUNDO DE INVESTIMENTO MULTIMERCADO,0.0,95,-18,12.112008,20210806,11010250.36,5,426.41071691690917
60.701.190/0001-04,25341095000138,Fundo Multimercado,ITAÚ ESTRATÉGIA USD X EURO FUNDO DE INVESTIMENTO MULTIMERCADO,0.0,95,-18,12.13219,20210809,11023040.89,-15,399.85928547145323
60.701.190/0001-04,25341095000138,Fundo Multimercado,ITAÚ ESTRATÉGIA USD X EURO FUNDO DE INVESTIMENTO MULTIMERCADO,0.0,95,-18,12.154904,20210810,11038122.88,27,474.42634724080716
60.701.190/0001-04,25341095000138,Fundo Multimercado,ITAÚ ESTRATÉGIA USD X EURO FUNDO DE INVESTIMENTO MULTIMERCADO,0.0,95,-18,12.13924,20210811,11018342.43,23,113.4998982957141
60.701.190/0001-04,25341095000138,Fundo Multimercado,ITAÚ ESTRATÉGIA USD X EURO FUNDO DE INVESTIMENTO MULTIMERCADO,0.0,95,-18,12.150186,20210812,11022721.91,15,359.4699462884586
60.701.190/0001-04,25341095000138,Fundo Multimercado,ITAÚ ESTRATÉGIA USD X EURO FUNDO DE INVESTIMENTO MULTIMERCADO,0.0,95,-18,12.089464,20210813,10962079.0,-30,31.869611148545363
60.701.190/0001-04,25341095000138,Fundo Multimercado,ITAÚ ESTRATÉGIA USD X EURO FUNDO DE INVESTIMENTO MULTIMERCADO,0.0,95,-18,12.109816,20210816,10974977.93,2,300.3103505052938
60.701.190/0001-04,25341095000138,Fundo Multimercado,ITAÚ ESTRATÉGIA USD X EURO FUNDO DE INVESTIMENTO MULTIMERCADO,0.0,95,-18,12.179444,20210817,11032525.27,-29,326.45598691211194
60.701.190/0001-04,25341095000138,Fundo Multimercado,ITAÚ ESTRATÉGIA USD X EURO FUNDO DE INVESTIMENTO MULTIMERCADO,0.0,95,-18,12.181944,20210818,11029233.93,17,60.014798364265154
60.701.190/0001-04,25341095000138,Fundo Multimercado,ITAÚ ESTRATÉGIA USD X EURO FUNDO DE INVESTIMENTO MULTIMERCADO,0.0,95,-18,12.220214,20210819,11058327.7,29,461.445682776963
60.701.190/0001-04,25341095000138,Fundo Multimercado,ITAÚ ESTRATÉGIA USD X EURO FUNDO DE INVESTIMENTO MULTIMERCADO,0.0,95,-18,12.201581,20210820,11035910.49,29,182.64102347030098
60.701.190/0001-04,25341095000138,Fundo Multimercado,ITAÚ ESTRATÉGIA USD X EURO FUNDO DE INVESTIMENTO MULTIMERCADO,0.0,95,-18,12.151255,20210823,10984836.99,-20,22.621473053740736
60.701.190/0001-04,25341095000138,Fundo Multimercado,ITAÚ ESTRATÉGIA USD X EURO FUNDO DE INVESTIMENTO MULTIMERCADO,0.0,95,-18,12.149005,20210824,10977246.77,18,77.67849524257802
60.701.190/0001-04,25341095000138,Fundo Multimercado,ITAÚ ESTRATÉGIA USD X EURO FUNDO DE INVESTIMENTO MULTIMERCADO,0.0,95,-18,12.134534,20210825,10955240.9,-4,393.1505523367227
60.701.190/0001-04,25341095000138,Fundo Multimercado,ITAÚ ESTRATÉGIA USD X EURO FUNDO DE INVESTIMENTO MULTIMERCADO,0.0,95,-18,12.156198,20210826,10969243.59,15,350.5915253719109
60.701.190/0001-04,25341095000138,Fundo Multimercado,ITAÚ ESTRATÉGIA USD X EURO FUNDO DE INVESTIMENTO MULTIMERCADO,0.0,95,-18,12.11676,20210827,10928101.35,12,291.8191804393288
60.701.190/0001-04,25341095000138,Fundo Multimercado,ITAÚ ESTRATÉGIA USD X EURO FUNDO DE INVESTIMENTO MULTIMERCADO,0.0,95,-18,12.111374,20210830,10917687.86,-29,439.7150454503434
60.701.190/0001-04,25341095000138,Fundo Multimercado,ITAÚ ESTRATÉGIA USD X EURO FUNDO DE INVESTIMENTO MULTIMERCADO,0.0,95,-18,12.105682,20210831,10907001.76,29,150.12474314217522
60.701.190/0001-04,25341095000138,Fundo Multimercado,ITAÚ ESTRATÉGIA USD X EURO FUNDO DE INVESTIMENTO MULTIMERCADO,0.0,95,-18,12.074761,20210901,10873586.96,1,279.34897028242233
60.701.190/0001-04,25341095000138,Fundo Multimercado,ITAÚ ESTRATÉGIA USD X EURO FUNDO DE INVESTIMENTO MULTIMERCADO,0.0,95,-18,12.049648,20210902,10845416.65,-28,244.35222354234014
60.701.190/0001-04,25341095000138,Fundo Multimercado,ITAÚ ESTRATÉGIA USD X EURO FUNDO DE INVESTIMENTO MULTIMERCADO,0.0,95,-18,12.037711,20210903,10829116.81,-22,284.50424611223553
60.701.190/0001-04,25341095000138,Fundo Multimercado,ITAÚ ESTRATÉGIA USD X EURO FUNDO DE INVESTIMENTO MULTIMERCADO,0.0,95,-18,12.060883,20210906,10844407.02,27,471.7647867043276
60.701.190/0001-04,25341095000138,Fundo Multimercado,ITAÚ ESTRATÉGIA USD X EURO FUNDO DE INVESTIMENTO MULTIMERCADO,0.0,95,-18,12.109464,20210908,10882531.76,24,438.53734996339585
60.701.190/0001-04,25341095000138,Fundo Multimercado,ITAÚ ESTRATÉGIA USD X EURO FUNDO DE INVESTIMENTO MULTIMERCADO,0.0,95,-18,12.106614,20210909,10874415.04,19,212.69373066329473
60.701.190/0001-04,25341095000138,Fundo Multimercado,ITAÚ ESTRATÉGIA USD X EURO FUNDO DE INVESTIMENTO MULTIMERCADO,0.0,95,-18,12.121726,20210910,10882433.44,-16,313.237301654577
60.701.190/0001-04,25341095000138,Fundo Multimercado,ITAÚ ESTRATÉGIA USD X EURO FUNDO DE INVESTIMENTO MULTIMERCADO,0.0,95,-18,12.136753,20210913,10890369.22,-26,313.8752377164445
60.701.190/0001-04,25341095000138,Fundo Multimercado,ITAÚ ESTRATÉGIA USD X EURO FUNDO DE INVESTIMENTO MULTIMERCADO,0.0,95,-18,12.136556,20210914,10882629.94,27,247.49206677316516
60.701.190/0001-04,25341095000138,Fundo Multimercado,ITAÚ ESTRATÉGIA USD X EURO FUNDO DE INVESTIMENTO MULTIMERCADO,0.0,95,-18,12.13912,20210915,10879372.89,4,175.11297482887977
60.701.190/0001-04,25341095000138,Fundo Multimercado,ITAÚ ESTRATÉGIA USD X EURO FUNDO DE INVESTIMENTO MULTIMERCADO,0.0,95,-18,12.195308,20210916,10923928.29,9,285.5835081980098
60.701.190/0001-04,25341095000138,Fundo Multimercado,ITAÚ ESTRATÉGIA USD X EURO FUNDO DE INVESTIMENTO MULTIMERCADO,0.0,95,-18,12.222849,20210917,10943041.96,-11,38.627349584309414
60.701.190/0001-04,25341095000138,Fundo Multimercado,ITAÚ ESTRATÉGIA USD X EURO FUNDO DE INVESTIMENTO MULTIMERCADO,0.0,95,-18,12.23091,20210920,10944703.93,27,61.855505212309595
60.701.190/0001-04,25341095000138,Fundo Multimercado,ITAÚ ESTRATÉGIA USD X EURO FUNDO DE INVESTIMENTO MULTIMERCADO,0.0,95,-18,12.23165,20210921,10939810.55,-23,118.60725349883077
60.701.190/0001-04,25341095000138,Fundo Multimercado,ITAÚ ESTRATÉGIA USD X EURO FUNDO DE INVESTIMENTO MULTIMERCADO,0.0,95,-18,12.272644,20210922,10970919.48,3,105.03272373134514
60.701.190/0001-04,25341095000138,Fundo Multimercado,ITAÚ ESTRATÉGIA USD X EURO FUNDO DE INVESTIMENTO MULTIMERCADO,0.0,95,-18,12.2171,20210923,10915711.37,16,361.6542746846015
60.701.190/0001-04,25341095000138,Fundo Multimercado,ITAÚ ESTRATÉGIA USD X EURO FUNDO DE INVESTIMENTO MULTIMERCADO,0.0,95,-18,12.252555,20210924,10941833.41,25,404.5521272088941
60.701.190/0001-04,25341095000138,Fundo Multimercado,ITAÚ ESTRATÉGIA USD X EURO FUNDO DE INVESTIMENTO MULTIMERCADO,0.0,95,-18,12.272078,20210927,10953677.74,21,45.353854659847926
60.701.190/0001-04,25341095000138,Fundo Multimercado,ITAÚ ESTRATÉGIA USD X EURO FUNDO DE INVESTIMENTO MULTIMERCADO,0.0,95,-18,12.298765,20210928,10971941.94,7,30.974512468632977
60.701.190/0001-04,25341095000138,Fundo Multimercado,ITAÚ ESTRATÉGIA USD X EURO FUNDO DE INVESTIMENTO MULTIMERCADO,0.0,95,-18,12.380178,20210929,11039016.68,-7,379.8832703417337
60.701.190/0001-04,25341095000138,Fundo Multimercado,ITAÚ ESTRATÉGIA USD X EURO FUNDO DE INVESTIMENTO MULTIMERCADO,0.0,95,-18,12.401623,20210930,11052583.26,-4,152.0493302480368
62.418.140/0001-31,26859409000151,Fundo de Ações,TRUXT BWM LONG BIAS FUNDO DE INVESTIMENTO EM COTAS DE FUNDO DE INVESTIMENTO EM AÇÕES,0.0,88,-95,2.0126198,20210722,122473103.32,-25,275.62006755612185
62.418.140/0001-31,26859409000151,Fundo de Ações,TRUXT BWM LONG BIAS FUNDO DE INVESTIMENTO EM COTAS DE FUNDO DE INVESTIMENTO EM AÇÕES,0.0,88,-95,2.0146862,20210723,122598846.75,-22,264.8394042952349
62.418.140/0001-31,26859409000151,Fundo de Ações,TRUXT BWM LONG BIAS FUNDO DE INVESTIMENTO EM COTAS DE FUNDO DE INVESTIMENTO EM AÇÕES,0.0,88,-95,1.9880407,20210726,120977398.56,29,92.64271521466189
62.418.140/0001-31,26859409000151,Fundo de Ações,TRUXT BWM LONG BIAS FUNDO DE INVESTIMENTO EM COTAS DE FUNDO DE INVESTIMENTO EM AÇÕES,0.0,88,-95,1.9401796999999998,20210727,118064933.17,-23,184.3225213146001
62.418.140/0001-31,26859409000151,Fundo de Ações,TRUXT BWM LONG BIAS FUNDO DE INVESTIMENTO EM COTAS DE FUNDO DE INVESTIMENTO EM AÇÕES,0.0,88,-95,1.9494163,20210728,118627003.96,6,174.92657546569407
62.418.140/0001-31,26859409000151,Fundo de Ações,TRUXT BWM LONG BIAS FUNDO DE INVESTIMENTO EM COTAS DE FUNDO DE INVESTIMENTO EM AÇÕES,0.0,88,-95,1.9533112,20210729,118864020.74,16,406.94737253733075
62.418.140/0001-31,26859409000151,Fundo de Ações,TRUXT BWM LONG BIAS FUNDO DE INVESTIMENTO EM COTAS DE FUNDO DE INVESTIMENTO EM AÇÕES,0.0,88,-95,1.9022614999999998,20210730,115757514.75,25,489.0481675879436
62.418.140/0001-31,26859409000151,Fundo de Ações,TRUXT BWM LONG BIAS FUNDO DE INVESTIMENTO EM COTAS DE FUNDO DE INVESTIMENTO EM AÇÕES,0.0,88,-95,1.9027498999999999,20210802,115787238.84,27,48.51272511383281
62.418.140/0001-31,26859409000151,Fundo de Ações,TRUXT BWM LONG BIAS FUNDO DE INVESTIMENTO EM COTAS DE FUNDO DE INVESTIMENTO EM AÇÕES,0.0,88,-95,1.9090677999999999,20210803,116171696.6,11,498.8759724794985
62.418.140/0001-31,26859409000151,Fundo de Ações,TRUXT BWM LONG BIAS FUNDO DE INVESTIMENTO EM COTAS DE FUNDO DE INVESTIMENTO EM AÇÕES,0.0,88,-95,1.9154706,20210804,116561321.41,-29,135.62021012702553
62.418.140/0001-31,26859409000151,Fundo de Ações,TRUXT BWM LONG BIAS FUNDO DE INVESTIMENTO EM COTAS DE FUNDO DE INVESTIMENTO EM AÇÕES,0.0,88,-95,1.9491273,20210805,118609420.04,-18,63.54315747212935
62.418.140/0001-31,26859409000151,Fundo de Ações,TRUXT BWM LONG BIAS FUNDO DE INVESTIMENTO EM COTAS DE FUNDO DE INVESTIMENTO EM AÇÕES,0.0,88,-95,1.9672155999999998,20210806,119710139.98,0,226.36702674173225
62.418.140/0001-31,26859409000151,Fundo de Ações,TRUXT BWM LONG BIAS FUNDO DE INVESTIMENTO EM COTAS DE FUNDO DE INVESTIMENTO EM AÇÕES,0.0,88,-95,1.9816943999999999,20210809,120591210.78,0,217.8365122855675
62.418.140/0001-31,26859409000151,Fundo de Ações,TRUXT BWM LONG BIAS FUNDO DE INVESTIMENTO EM COTAS DE FUNDO DE INVESTIMENTO EM AÇÕES,0.0,88,-95,1.9901477,20210810,121105619.48,-16,477.44160543641533
62.418.140/0001-31,26859409000151,Fundo de Ações,TRUXT BWM LONG BIAS FUNDO DE INVESTIMENTO EM COTAS DE FUNDO DE INVESTIMENTO EM AÇÕES,0.0,88,-95,1.971347,20210811,119961546.74,-7,127.69001899324678
62.418.140/0001-31,26859409000151,Fundo de Ações,TRUXT BWM LONG BIAS FUNDO DE INVESTIMENTO EM COTAS DE FUNDO DE INVESTIMENTO EM AÇÕES,0.0,88,-95,1.9622456,20210812,119407702.62,-14,31.470938430774975
62.418.140/0001-31,26859409000151,Fundo de Ações,TRUXT BWM LONG BIAS FUNDO DE INVESTIMENTO EM COTAS DE FUNDO DE INVESTIMENTO EM AÇÕES,0.0,88,-95,1.9512195,20210813,118736738.8,-3,148.84091024353236
62.418.140/0001-31,26859409000151,Fundo de Ações,TRUXT BWM LONG BIAS FUNDO DE INVESTIMENTO EM COTAS DE FUNDO DE INVESTIMENTO EM AÇÕES,0.0,88,-95,1.8902649,20210816,115027492.83,23,137.70187034240922
62.418.140/0001-31,26859409000151,Fundo de Ações,TRUXT BWM LONG BIAS FUNDO DE INVESTIMENTO EM COTAS DE FUNDO DE INVESTIMENTO EM AÇÕES,0.0,88,-95,1.8715709999999999,20210817,113889922.68,5,8.476965588976594
62.418.140/0001-31,26859409000151,Fundo de Ações,TRUXT BWM LONG BIAS FUNDO DE INVESTIMENTO EM COTAS DE FUNDO DE INVESTIMENTO EM AÇÕES,0.0,88,-95,1.879296,20210818,114360004.04,-12,415.369552110547
62.418.140/0001-31,26859409000151,Fundo de Ações,TRUXT BWM LONG BIAS FUNDO DE INVESTIMENTO EM COTAS DE FUNDO DE INVESTIMENTO EM AÇÕES,0.0,88,-95,1.9139419,20210819,116468295.48,17,76.25941042153327
62.418.140/0001-31,26859409000151,Fundo de Ações,TRUXT BWM LONG BIAS FUNDO DE INVESTIMENTO EM COTAS DE FUNDO DE INVESTIMENTO EM AÇÕES,0.0,88,-95,1.9413247999999999,20210820,118134620.18,2,271.5168377772798
62.418.140/0001-31,26859409000151,Fundo de Ações,TRUXT BWM LONG BIAS FUNDO DE INVESTIMENTO EM COTAS DE FUNDO DE INVESTIMENTO EM AÇÕES,0.0,88,-95,1.9411147999999998,20210823,118121840.68,-16,284.09330189307366
62.418.140/0001-31,26859409000151,Fundo de Ações,TRUXT BWM LONG BIAS FUNDO DE INVESTIMENTO EM COTAS DE FUNDO DE INVESTIMENTO EM AÇÕES,0.0,88,-95,1.9610226,20210824,119333278.07,-12,91.85819757870273
62.418.140/0001-31,26859409000151,Fundo de Ações,TRUXT BWM LONG BIAS FUNDO DE INVESTIMENTO EM COTAS DE FUNDO DE INVESTIMENTO EM AÇÕES,0.0,88,-95,1.9720261,20210825,120002872.99,-29,333.6296652981691
62.418.140/0001-31,26859409000151,Fundo de Ações,TRUXT BWM LONG BIAS FUNDO DE INVESTIMENTO EM COTAS DE FUNDO DE INVESTIMENTO EM AÇÕES,0.0,88,-95,1.9437959,20210826,118284992.87,4,288.7978398303884
62.418.140/0001-31,26859409000151,Fundo de Ações,TRUXT BWM LONG BIAS FUNDO DE INVESTIMENTO EM COTAS DE FUNDO DE INVESTIMENTO EM AÇÕES,0.0,88,-95,1.9642355999999999,20210827,119528800.09,-17,427.92695094073775
62.418.140/0001-31,26859409000151,Fundo de Ações,TRUXT BWM LONG BIAS FUNDO DE INVESTIMENTO EM COTAS DE FUNDO DE INVESTIMENTO EM AÇÕES,0.0,88,-95,1.9665103,20210830,119287218.1,-5,222.05550345930658
62.418.140/0001-31,26859409000151,Fundo de Ações,TRUXT BWM LONG BIAS FUNDO DE INVESTIMENTO EM COTAS DE FUNDO DE INVESTIMENTO EM AÇÕES,0.0,88,-95,1.9554225,20210831,118614639.82,-5,315.7087027376446
62.418.140/0001-31,26859409000151,Fundo de Ações,TRUXT BWM LONG BIAS FUNDO DE INVESTIMENTO EM COTAS DE FUNDO DE INVESTIMENTO EM AÇÕES,0.0,88,-95,1.9527771999999999,20210901,118454181.19,13,305.8237982553532
62.418.140/0001-31,26859409000151,Fundo de Ações,TRUXT BWM LONG BIAS FUNDO DE INVESTIMENTO EM COTAS DE FUNDO DE INVESTIMENTO EM AÇÕES,0.0,88,-95,1.9491174999999998,20210902,118232184.3,-3,455.0680962628725
62.418.140/0001-31,26859409000151,Fundo de Ações,TRUXT BWM LONG BIAS FUNDO DE INVESTIMENTO EM COTAS DE FUNDO DE INVESTIMENTO EM AÇÕES,0.0,88,-95,1.9501593,20210903,118295377.47,-5,216.7418868219615
62.418.140/0001-31,26859409000151,Fundo de Ações,TRUXT BWM LONG BIAS FUNDO DE INVESTIMENTO EM COTAS DE FUNDO DE INVESTIMENTO EM AÇÕES,0.0,88,-95,1.9557321,20210906,118633420.45,-3,497.4451546062536
62.418.140/0001-31,26859409000151,Fundo de Ações,TRUXT BWM LONG BIAS FUNDO DE INVESTIMENTO EM COTAS DE FUNDO DE INVESTIMENTO EM AÇÕES,0.0,88,-95,1.9158488999999999,20210908,116214135.92,-23,85.24555785599614
62.418.140/0001-31,26859409000151,Fundo de Ações,TRUXT BWM LONG BIAS FUNDO DE INVESTIMENTO EM COTAS DE FUNDO DE INVESTIMENTO EM AÇÕES,0.0,88,-95,1.9301183,20210909,117079705.69,7,196.86353346813294
62.418.140/0001-31,26859409000151,Fundo de Ações,TRUXT BWM LONG BIAS FUNDO DE INVESTIMENTO EM COTAS DE FUNDO DE INVESTIMENTO EM AÇÕES,0.0,88,-95,1.919753,20210910,116450955.73,12,35.06158450307573
62.418.140/0001-31,26859409000151,Fundo de Ações,TRUXT BWM LONG BIAS FUNDO DE INVESTIMENTO EM COTAS DE FUNDO DE INVESTIMENTO EM AÇÕES,0.0,88,-95,1.9319395,20210913,117190177.43,10,225.14499228588258
62.418.140/0001-31,26859409000151,Fundo de Ações,TRUXT BWM LONG BIAS FUNDO DE INVESTIMENTO EM COTAS DE FUNDO DE INVESTIMENTO EM AÇÕES,0.0,88,-95,1.941714,20210914,117783095.86,24,470.768328761171
62.418.140/0001-31,26859409000151,Fundo de Ações,TRUXT BWM LONG BIAS FUNDO DE INVESTIMENTO EM COTAS DE FUNDO DE INVESTIMENTO EM AÇÕES,0.0,88,-95,1.9575013,20210915,118740741.57,-7,253.86161620284088
62.418.140/0001-31,26859409000151,Fundo de Ações,TRUXT BWM LONG BIAS FUNDO DE INVESTIMENTO EM COTAS DE FUNDO DE INVESTIMENTO EM AÇÕES,0.0,88,-95,1.9634706,20210916,119102833.97,-4,431.42578401277547
62.418.140/0001-31,26859409000151,Fundo de Ações,TRUXT BWM LONG BIAS FUNDO DE INVESTIMENTO EM COTAS DE FUNDO DE INVESTIMENTO EM AÇÕES,0.0,88,-95,1.9508988,20210917,118340240.56,25,19.807634126251195
62.418.140/0001-31,26859409000151,Fundo de Ações,TRUXT BWM LONG BIAS FUNDO DE INVESTIMENTO EM COTAS DE FUNDO DE INVESTIMENTO EM AÇÕES,0.0,88,-95,1.9175333,20210920,116141306.52,5,2.567781743091857
62.418.140/0001-31,26859409000151,Fundo de Ações,TRUXT BWM LONG BIAS FUNDO DE INVESTIMENTO EM COTAS DE FUNDO DE INVESTIMENTO EM AÇÕES,0.0,88,-95,1.9480307,20210921,117988479.04,14,44.54913822314843
62.418.140/0001-31,26859409000151,Fundo de Ações,TRUXT BWM LONG BIAS FUNDO DE INVESTIMENTO EM COTAS DE FUNDO DE INVESTIMENTO EM AÇÕES,0.0,88,-95,1.9575901,20210922,118567471.94,-28,350.0828949310089
62.418.140/0001-31,26859409000151,Fundo de Ações,TRUXT BWM LONG BIAS FUNDO DE INVESTIMENTO EM COTAS DE FUNDO DE INVESTIMENTO EM AÇÕES,0.0,88,-95,1.9711094999999998,20210923,119386316.52,11,28.76854486587671
62.418.140/0001-31,26859409000151,Fundo de Ações,TRUXT BWM LONG BIAS FUNDO DE INVESTIMENTO EM COTAS DE FUNDO DE INVESTIMENTO EM AÇÕES,0.0,88,-95,1.9685905,20210924,119233744.23,18,80.111057379593
62.418.140/0001-31,26859409000151,Fundo de Ações,TRUXT BWM LONG BIAS FUNDO DE INVESTIMENTO EM COTAS DE FUNDO DE INVESTIMENTO EM AÇÕES,0.0,88,-95,1.9559373,20210927,118467364.49,-15,288.59210591046207
62.418.140/0001-31,26859409000151,Fundo de Ações,TRUXT BWM LONG BIAS FUNDO DE INVESTIMENTO EM COTAS DE FUNDO DE INVESTIMENTO EM AÇÕES,0.0,88,-95,1.8848361,20210928,114160904.12,1,153.99872223469862
62.418.140/0001-31,26859409000151,Fundo de Ações,TRUXT BWM LONG BIAS FUNDO DE INVESTIMENTO EM COTAS DE FUNDO DE INVESTIMENTO EM AÇÕES,0.0,88,-95,1.881027,20210929,112405191.79,2,131.9366174805775
62.418.140/0001-31,26859409000151,Fundo de Ações,TRUXT BWM LONG BIAS FUNDO DE INVESTIMENTO EM COTAS DE FUNDO DE INVESTIMENTO EM AÇÕES,0.0,88,-95,1.8904665999999999,20210930,110749275.13,-18,85.91739113153285
